{
    "loss": 9.04155445098877,
    "accuracy": 0.4901960790157318
}